question_name,question_id,version,tool_id,category,type,dimension_id,response_metric_id,max_score,weightage,question_benchmark,response_metric_benchmark,option_ids,option_labels,question_context,question_description,template_url,created_by,creation_date,last_modified_by,last_modified_date
NULL,Q-001,v1.0,SST-001,SST,Multi-choice,5,RM-001,4,NULL,NULL,0,"1,2,3,4,5","Strongly Agree,Agree,Disagree,Strongly Disagree,Don\'t Know",NULL,We have clearly established that there is sufficient market headroom for our planned growth,template.html,NULL,2010-05-18 12:52:00,NULL,2010-05-18 12:52:00
NULL,Q-002,v1.0,SST-001,SST,Multi-choice,5,RM-001,4,NULL,NULL,0,"1,2,3,4,5","Strongly Agree,Agree,Disagree,Strongly Disagree,Don\'t Know",NULL,"We have all of the external competitive strengths (e.g. technology, brand, distribution, scale, access) we need to ensure we can win with our strategy",template.html,NULL,2010-05-18 12:57:00,NULL,2010-05-18 12:57:00
NULL,Q-003,v1.0,SST-001,SST,Multi-choice,5,RM-001,4,NULL,NULL,0,"1,2,3,4,5","Strongly Agree,Agree,Disagree,Strongly Disagree,Don\'t Know",NULL,We have explicitly considered current or potential  non-traditional competitors,template.html,NULL,2010-05-18 12:59:00,NULL,2010-05-18 12:59:00
NULL,Q-004,v1.0,SST-001,SST,Multi-choice,4,RM-001,4,NULL,NULL,0,"1,2,3,4,5","Strongly Agree,Agree,Disagree,Strongly Disagree,Don\'t Know",NULL,We have the critical capabilities that are essential to win with our strategy in ways that are unique to us.,template.html,NULL,2010-05-18 13:56:00,NULL,2010-05-18 13:56:00
NULL,Q-005,v1.0,SST-001,SST,Multi-choice,4,RM-001,4,NULL,NULL,0,"1,2,3,4,5","Strongly Agree,Agree,Disagree,Strongly Disagree,Don\'t Know",NULL,"Where required, we know how to acquire the capabilities required to win, and how to internalize them across the organization.",template.html,NULL,2010-05-18 13:58:00,NULL,2010-05-18 13:58:00
NULL,Q-006,v1.0,SST-001,SST,Multi-choice,4,RM-001,4,NULL,NULL,0,"1,2,3,4,5","Strongly Agree,Agree,Disagree,Strongly Disagree,Don\'t Know",NULL,We are confident that our strategy will be profitable within our accepted time frames.,template.html,NULL,2010-05-18 13:58:00,NULL,2010-05-18 13:58:00
NULL,Q-007,v1.0,SST-001,SST,Multi-choice,7,RM-001,4,NULL,NULL,0,"1,2,3,4,5","Strongly Agree,Agree,Disagree,Strongly Disagree,Don\'t Know",NULL,We have explicitly factored in competitive responses to our strategy,template.html,NULL,2010-05-18 14:00:00,NULL,2010-05-18 14:00:00
NULL,Q-008,v1.0,SST-001,SST,Multi-choice,7,RM-001,4,NULL,NULL,0,"1,2,3,4,5","Strongly Agree,Agree,Disagree,Strongly Disagree,Don\'t Know",NULL,New entrants with completely different technology will not be able sweep away investment based barriers to entry,template.html,NULL,2010-05-18 14:01:00,NULL,2010-05-18 14:01:00
NULL,Q-009,v1.0,SST-001,SST,Multi-choice,7,RM-001,4,NULL,NULL,0,"1,2,3,4,5","Strongly Agree,Agree,Disagree,Strongly Disagree,Don\'t Know",NULL,There are no potential changes in rules/regulations/costs visible that could upset our assumptions.,template.html,NULL,2010-05-18 14:01:00,NULL,2010-05-18 14:01:00
NULL,Q-010,v1.0,SST-001,SST,Multi-choice,6,RM-001,4,NULL,NULL,0,"1,2,3,4,5","Strongly Agree,Agree,Disagree,Strongly Disagree,Don\'t Know",NULL,We have considered the impact of market shares being lower than the base assumption and revenues growing slower than the base plan.,template.html,NULL,2010-05-18 14:01:00,NULL,2010-05-18 14:01:00
NULL,Q-011,v1.0,SST-001,SST,Multi-choice,6,RM-001,4,NULL,NULL,0,"1,2,3,4,5","Strongly Agree,Agree,Disagree,Strongly Disagree,Don\'t Know",NULL,We have considered the impact of costs being higher than the base assumption and investments needing to be higher than projected.,template.html,NULL,2010-05-18 14:03:00,NULL,2010-05-18 14:03:00
NULL,Q-012,v1.0,SST-001,SST,Multi-choice,6,RM-001,4,NULL,NULL,0,"1,2,3,4,5","Strongly Agree,Agree,Disagree,Strongly Disagree,Don\'t Know",NULL,We can live with the consequences of at least a two of our basic assumptions going wrong (being +/-  10%).,template.html,NULL,2010-05-18 14:05:00,NULL,2010-05-18 14:05:00
NULL,Q-013,v1.0,SST-001,SST,Multi-choice,9,RM-001,4,NULL,NULL,0,"1,2,3,4,5","Strongly Agree,Agree,Disagree,Strongly Disagree,Don\'t Know",NULL,"We understand how our profile (e.g. capabilities, infrastructure, access, customer base ) gives us unique strengths that are hard for a competitor to replicate.",template.html,NULL,2010-05-18 14:05:00,NULL,2010-05-18 14:05:00
NULL,Q-014,v1.0,SST-001,SST,Multi-choice,9,RM-001,4,NULL,NULL,0,"1,2,3,4,5","Strongly Agree,Agree,Disagree,Strongly Disagree,Don\'t Know",NULL,"We know how to enhance these strengths so that there are serious, on-going  barriers to entry of new competitors",template.html,NULL,2010-05-18 14:05:00,NULL,2010-05-18 14:05:00
NULL,Q-015,v1.0,SST-001,SST,Multi-choice,9,RM-001,4,NULL,NULL,0,"1,2,3,4,5","Strongly Agree,Agree,Disagree,Strongly Disagree,Don\'t Know",NULL,"We are building on strengths that we already have, and not critically dependant on capabilities that we will have to acquire.",template.html,NULL,2010-05-18 14:05:00,NULL,2010-05-18 14:05:00
NULL,Q-016,v1.0,SST-001,SST,Multi-choice,8,RM-001,4,NULL,NULL,0,"1,2,3,4,5","Strongly Agree,Agree,Disagree,Strongly Disagree,Don\'t Know",NULL,The critical capabilities required for success are spread across the organization (or plans to achieve this have been clearly outlined).,template.html,NULL,2010-05-18 14:05:00,NULL,2010-05-18 14:05:00
NULL,Q-017,v1.0,SST-001,SST,Multi-choice,8,RM-001,4,NULL,NULL,0,"1,2,3,4,5","Strongly Agree,Agree,Disagree,Strongly Disagree,Don\'t Know",NULL,"We understand the ways in which our processes, structures, decision making mechanisms, reward systems need to change to enable the strategy to succeed.",template.html,NULL,2010-05-18 14:05:00,NULL,2010-05-18 14:05:00
NULL,Q-018,v1.0,SST-001,SST,Multi-choice,8,RM-001,4,NULL,NULL,0,"1,2,3,4,5","Strongly Agree,Agree,Disagree,Strongly Disagree,Don\'t Know",NULL,Our current culture will support our new strategy or new business model.,template.html,NULL,2010-05-18 14:05:00,NULL,2010-05-18 14:05:00
NULL,Q-100,v1.0,SSTBR-001,SSTBR,Multi-choice,11,RM-002,5,NULL,NULL,0,"1,2,3,4","Low,Medium,High,Don\'t Know",60% of UK exports go to Europe. These are based on zero tariff. Competitiveness could be severely affected if tariffs result in higher prices. What would happen if:,The tariff changes to 10% (the WTO default),template.html,NULL,2010-05-18 12:52:00,NULL,2010-05-18 12:52:00
NULL,Q-100,v1.0,SSTBR-001,SSTBR,Multi-choice,11,RM-003,4,NULL,NULL,0,"1,2,3,4,5","Very Unlikely,Unlikely,Likely,Very Likely,Don\'t Know",NULL,The tariff changes to 10% (the WTO default),template.html,NULL,2010-05-18 12:57:00,NULL,2010-05-18 12:57:00
NULL,Q-100,v1.0,SSTBR-001,SSTBR,Multi-choice,11,RM-004,4,NULL,NULL,0,"1,2,3,4,5","Very High, High, Low, Very Low, Don\'t know",NULL,The tariff changes to 10% (the WTO default),template.html,NULL,2010-05-18 12:59:00,NULL,2010-05-18 12:59:00
NULL,Q-101,v1.0,SSTBR-001,SSTBR,Multi-choice,11,RM-002,5,NULL,NULL,0,"1,2,3,4","Low,Medium,High,Don\'t Know","Replacing revenues from exports to Europe by exports to other countries (eg US, China, India) could be tough depending on how large the hole to fill is, and which market is targeted.",Inability to easily fill the hole from loss of exports to Europe,template.html,NULL,2010-05-18 13:56:00,NULL,2010-05-18 13:56:00
NULL,Q-101,v1.0,SSTBR-001,SSTBR,Multi-choice,11,RM-003,4,NULL,NULL,0,"1,2,3,4,5","Very Unlikely,Unlikely,Likely,Very Likely,Don\'t Know",NULL,Inability to easily fill the hole from loss of exports to Europe,template.html,NULL,2010-05-18 13:58:00,NULL,2010-05-18 13:58:00
NULL,Q-101,v1.0,SSTBR-001,SSTBR,Multi-choice,11,RM-004,4,NULL,NULL,0,"1,2,3,4,5","Very High, High, Low, Very Low, Don\'t know",NULL,Inability to easily fill the hole from loss of exports to Europe,template.html,NULL,2010-05-18 13:58:00,NULL,2010-05-18 13:58:00
NULL,Q-102,v1.0,SSTBR-001,SSTBR,Multi-choice,11,RM-002,5,NULL,NULL,0,"1,2,3,4","Low,Medium,High,Don\'t Know",NULL,Inability (short term) to set up a competitive infrastructure in new markets,template.html,NULL,2010-05-18 14:00:00,NULL,2010-05-18 14:00:00
NULL,Q-102,v1.0,SSTBR-001,SSTBR,Multi-choice,11,RM-003,4,NULL,NULL,0,"1,2,3,4,5","Very Unlikely,Unlikely,Likely,Very Likely,Don\'t Know",NULL,Inability (short term) to set up a competitive infrastructure in new markets,template.html,NULL,2010-05-18 14:01:00,NULL,2010-05-18 14:01:00
NULL,Q-102,v1.0,SSTBR-001,SSTBR,Multi-choice,11,RM-004,4,NULL,NULL,0,"1,2,3,4,5","Very High, High, Low, Very Low, Don\'t know",NULL,Inability (short term) to set up a competitive infrastructure in new markets,template.html,NULL,2010-05-18 14:01:00,NULL,2010-05-18 14:01:00
NULL,Q-103,v1.0,SSTBR-001,SSTBR,Multi-choice,12,RM-002,5,NULL,NULL,0,"1,2,3,4","Low,Medium,High,Don\'t Know",The � has already depreciated 15-20% since the announcement. Implications include: ,Impact on exports to Europe,template.html,NULL,2010-05-18 14:01:00,NULL,2010-05-18 14:01:00
NULL,Q-103,v1.0,SSTBR-001,SSTBR,Multi-choice,12,RM-003,4,NULL,NULL,0,"1,2,3,4,5","Very Unlikely,Unlikely,Likely,Very Likely,Don\'t Know",NULL,Impact on exports to Europe,template.html,NULL,2010-05-18 14:03:00,NULL,2010-05-18 14:03:00
NULL,Q-103,v1.0,SSTBR-001,SSTBR,Multi-choice,12,RM-004,4,NULL,NULL,0,"1,2,3,4,5","Very High, High, Low, Very Low, Don\'t know",NULL,Impact on exports to Europe,template.html,NULL,2010-05-18 14:05:00,NULL,2010-05-18 14:05:00
NULL,Q-104,v1.0,SSTBR-001,SSTBR,Multi-choice,12,RM-002,5,NULL,NULL,0,"1,2,3,4","Low,Medium,High,Don\'t Know",NULL,Impact on exports to other markets,template.html,NULL,2010-05-18 14:05:00,NULL,2010-05-18 14:05:00
NULL,Q-104,v1.0,SSTBR-001,SSTBR,Multi-choice,12,RM-003,4,NULL,NULL,0,"1,2,3,4,5","Very Unlikely,Unlikely,Likely,Very Likely,Don\'t Know",NULL,Impact on exports to other markets,template.html,NULL,2010-05-18 14:05:00,NULL,2010-05-18 14:05:00
NULL,Q-104,v1.0,SSTBR-001,SSTBR,Multi-choice,12,RM-004,4,NULL,NULL,0,"1,2,3,4,5","Very High, High, Low, Very Low, Don\'t know",NULL,Impact on exports to other markets,template.html,NULL,2010-05-18 14:05:00,NULL,2010-05-18 14:05:00
NULL,Q-105,v1.0,SSTBR-001,SSTBR,Multi-choice,12,RM-002,5,NULL,NULL,0,"1,2,3,4","Low,Medium,High,Don\'t Know",NULL,Impact on costs of imported items,template.html,NULL,2010-05-18 14:05:00,NULL,2010-05-18 14:05:00
NULL,Q-105,v1.0,SSTBR-001,SSTBR,Multi-choice,12,RM-003,4,NULL,NULL,0,"1,2,3,4,5","Very Unlikely,Unlikely,Likely,Very Likely,Don\'t Know",NULL,Impact on costs of imported items,template.html,NULL,2010-05-18 14:05:00,NULL,2010-05-18 14:05:00
NULL,Q-105,v1.0,SSTBR-001,SSTBR,Multi-choice,12,RM-004,4,NULL,NULL,0,"1,2,3,4,5","Very High, High, Low, Very Low, Don\'t know",NULL,Impact on costs of imported items,template.html,NULL,2010-05-18 14:05:00,NULL,2010-05-18 14:05:00
NULL,Q-106,v1.0,SSTBR-001,SSTBR,Multi-choice,13,RM-002,5,NULL,NULL,0,"1,2,3,4","Low,Medium,High,Don\'t Know",50-60% of imports into the UK come from Europe. These are all at zero tariff. An increase in tariff could impact costs significantly. What would happen if:,The tariff changes to 10% (the WTO default),template.html,NULL,2010-05-18 12:52:00,NULL,2010-05-18 12:52:00
NULL,Q-106,v1.0,SSTBR-001,SSTBR,Multi-choice,13,RM-003,4,NULL,NULL,0,"1,2,3,4,5","Very Unlikely,Unlikely,Likely,Very Likely,Don\'t Know",NULL,The tariff changes to 10% (the WTO default),template.html,NULL,2010-05-18 12:57:00,NULL,2010-05-18 12:57:00
NULL,Q-106,v1.0,SSTBR-001,SSTBR,Multi-choice,13,RM-004,4,NULL,NULL,0,"1,2,3,4,5","Very High, High, Low, Very Low, Don\'t know",NULL,The tariff changes to 10% (the WTO default),template.html,NULL,2010-05-18 12:59:00,NULL,2010-05-18 12:59:00
NULL,Q-107,v1.0,SSTBR-001,SSTBR,Multi-choice,13,RM-002,5,NULL,NULL,0,"1,2,3,4","Low,Medium,High,Don\'t Know","European labour is today freely available to sustain UK businesses. In many cases, replacing this with UK labour is either difficult or more expensive.",Exposure to risks of losing cheaper European labour,template.html,NULL,2010-05-18 13:56:00,NULL,2010-05-18 13:56:00
NULL,Q-107,v1.0,SSTBR-001,SSTBR,Multi-choice,13,RM-003,4,NULL,NULL,0,"1,2,3,4,5","Very Unlikely,Unlikely,Likely,Very Likely,Don\'t Know",NULL,Exposure to risks of losing cheaper European labour,template.html,NULL,2010-05-18 13:58:00,NULL,2010-05-18 13:58:00
NULL,Q-107,v1.0,SSTBR-001,SSTBR,Multi-choice,13,RM-004,4,NULL,NULL,0,"1,2,3,4,5","Very High, High, Low, Very Low, Don\'t know",NULL,Exposure to risks of losing cheaper European labour,template.html,NULL,2010-05-18 13:58:00,NULL,2010-05-18 13:58:00
NULL,Q-108,v1.0,SSTBR-001,SSTBR,Multi-choice,13,RM-002,5,NULL,NULL,0,"1,2,3,4","Low,Medium,High,Don\'t Know","Complex Supply Chains have parts, components or assemblies moving back and forth between Europe and UK at zero tariffs or paperwork.","Seamless, duty-free movement is not posible",template.html,NULL,2010-05-18 14:00:00,NULL,2010-05-18 14:00:00
NULL,Q-108,v1.0,SSTBR-001,SSTBR,Multi-choice,13,RM-003,4,NULL,NULL,0,"1,2,3,4,5","Very Unlikely,Unlikely,Likely,Very Likely,Don\'t Know",NULL,"Seamless, duty-free movement is not posible",template.html,NULL,2010-05-18 14:01:00,NULL,2010-05-18 14:01:00
NULL,Q-108,v1.0,SSTBR-001,SSTBR,Multi-choice,13,RM-004,4,NULL,NULL,0,"1,2,3,4,5","Very High, High, Low, Very Low, Don\'t know",NULL,"Seamless, duty-free movement is not posible",template.html,NULL,2010-05-18 14:01:00,NULL,2010-05-18 14:01:00
NULL,Q-109,v1.0,SSTBR-001,SSTBR,Multi-choice,14,RM-002,5,NULL,NULL,0,"1,2,3,4","Low,Medium,High,Don\'t Know","Many UK businesses depend on highly skilled personnel sourced from Europe or vice versa, sourced from UK and based in Europe. Some of these may be affected or need re-structuring",Impact on business of losing freedom of movement,template.html,NULL,2010-05-18 14:01:00,NULL,2010-05-18 14:01:00
NULL,Q-109,v1.0,SSTBR-001,SSTBR,Multi-choice,14,RM-003,4,NULL,NULL,0,"1,2,3,4,5","Very Unlikely,Unlikely,Likely,Very Likely,Don\'t Know",NULL,Impact on business of losing freedom of movement,template.html,NULL,2010-05-18 14:03:00,NULL,2010-05-18 14:03:00
NULL,Q-109,v1.0,SSTBR-001,SSTBR,Multi-choice,14,RM-004,4,NULL,NULL,0,"1,2,3,4,5","Very High, High, Low, Very Low, Don\'t know",NULL,Impact on business of losing freedom of movement,template.html,NULL,2010-05-18 14:05:00,NULL,2010-05-18 14:05:00
NULL,Q-110,v1.0,SSTBR-001,SSTBR,Multi-choice,15,RM-002,5,NULL,NULL,0,"1,2,3,4","Low,Medium,High,Don\'t Know",Genuinely reflect ignorance or lack of knowledge/understanding.,Possibility that Europe selectively creates barriers for your industry,template.html,NULL,2010-05-18 14:05:00,NULL,2010-05-18 14:05:00
NULL,Q-110,v1.0,SSTBR-001,SSTBR,Multi-choice,15,RM-003,4,NULL,NULL,0,"1,2,3,4,5","Very Unlikely,Unlikely,Likely,Very Likely,Don\'t Know",NULL,Possibility that Europe selectively creates barriers for your industry,template.html,NULL,2010-05-18 14:05:00,NULL,2010-05-18 14:05:00
NULL,Q-110,v1.0,SSTBR-001,SSTBR,Multi-choice,15,RM-004,4,NULL,NULL,0,"1,2,3,4,5","Very High, High, Low, Very Low, Don\'t know",NULL,Possibility that Europe selectively creates barriers for your industry,template.html,NULL,2010-05-18 14:05:00,NULL,2010-05-18 14:05:00
NULL,Q-111,v1.0,SSTBR-001,SSTBR,Multi-choice,15,RM-002,5,NULL,NULL,0,"1,2,3,4","Low,Medium,High,Don\'t Know",NULL,Possibility new (non-European) markets have high non tariff barriers,template.html,NULL,2010-05-18 14:05:00,NULL,2010-05-18 14:05:00
NULL,Q-111,v1.0,SSTBR-001,SSTBR,Multi-choice,15,RM-003,4,NULL,NULL,0,"1,2,3,4,5","Very Unlikely,Unlikely,Likely,Very Likely,Don\'t Know",NULL,Possibility new (non-European) markets have high non tariff barriers,template.html,NULL,2010-05-18 14:05:00,NULL,2010-05-18 14:05:00
NULL,Q-111,v1.0,SSTBR-001,SSTBR,Multi-choice,15,RM-004,4,NULL,NULL,0,"1,2,3,4,5","Very High, High, Low, Very Low, Don\'t know",NULL,Possibility new (non-European) markets have high non tariff barriers,template.html,NULL,2010-05-18 14:05:00,NULL,2010-05-18 14:05:00
NULL,Q-200,v1.0,SPP-001,SPP,Multi-choice,17,RM-005,5,0.66,NULL,NULL,"1,2,3","Low,Medium,High",Full fledged strategic plans are not needed every year : depends on the industry,"We get the  frequency of strategic plans right not too often, not too few",template.html,NULL,2018-11-28 11:17:07,NULL,2010-05-18 12:52:00
NULL,Q-200,v1.0,SPP-001,SPP,Multi-choice,17,RM-006,5,0.33,NULL,NULL,"1,2,3","Poor, Average, Very Well",NULL,"We get the  frequency of strategic plans right not too often, not too few",template.html,NULL,2018-11-28 11:17:13,NULL,2010-05-18 12:57:00
NULL,Q-201,v1.0,SPP-001,SPP,Multi-choice,18,RM-005,5,0.66,NULL,NULL,"1,2,3","Low,Medium,High","To create a credible plan, involving the right levels and functions is essential",We involve the the right levels / functions across the organisation,template.html,NULL,2018-11-28 11:17:07,NULL,2010-05-18 12:59:00
NULL,Q-201,v1.0,SPP-001,SPP,Multi-choice,18,RM-006,5,0.33,NULL,NULL,"1,2,3","Poor, Average, Very Well", ,We involve the the right levels / functions across the organisation,template.html,NULL,2018-11-28 11:17:13,NULL,2010-05-18 13:56:00
NULL,Q-202,v1.0,SPP-001,SPP,Multi-choice,19,RM-005,5,0.66,NULL,NULL,"1,2,3","Low,Medium,High",The process is best kicked off with Top-Down Guidance about ambitions & priorities,Top management kicks off the process with guidance about ambitions & goals,template.html,NULL,2018-11-28 11:17:07,NULL,2010-05-18 13:58:00
NULL,Q-202,v1.0,SPP-001,SPP,Multi-choice,19,RM-006,5,0.33,NULL,NULL,"1,2,3","Poor, Average, Very Well",NULL,Top management kicks off the process with guidance about ambitions & goals,template.html,NULL,2018-11-28 11:17:13,NULL,2010-05-18 13:58:00
NULL,Q-203,v1.0,SPP-001,SPP,Multi-choice,20,RM-005,5,0.66,NULL,NULL,"1,2,3","Low,Medium,High","Where the strategy involves a major change of direction, it is essential to look rigorously at both external and internal factors  ",We involve external experts where they are required,template.html,NULL,2018-11-28 11:17:07,NULL,2010-05-18 14:00:00
NULL,Q-203,v1.0,SPP-001,SPP,Multi-choice,20,RM-006,5,0.33,NULL,NULL,"1,2,3","Poor, Average, Very Well",NULL,We involve external experts where they are required,template.html,NULL,2018-11-28 11:17:13,NULL,2010-05-18 14:01:00
NULL,Q-204,v1.0,SPP-001,SPP,Multi-choice,20,RM-005,5,0.66,NULL,NULL,"1,2,3","Low,Medium,High",NULL,We carry out capability reviews as required,template.html,NULL,2018-11-28 11:17:07,NULL,2010-05-18 14:01:00
NULL,Q-204,v1.0,SPP-001,SPP,Multi-choice,20,RM-006,5,0.33,NULL,NULL,"1,2,3","Poor, Average, Very Well",,We carry out capability reviews as required,template.html,NULL,2018-11-28 11:17:13,NULL,2010-05-18 14:01:00
NULL,Q-205,v1.0,SPP-001,SPP,Multi-choice,20,RM-005,5,0.66,NULL,NULL,"1,2,3","Low,Medium,High",NULL,We carry out technical reviews as required,template.html,NULL,2018-11-28 11:17:07,NULL,2010-05-18 14:03:00
NULL,Q-205,v1.0,SPP-001,SPP,Multi-choice,20,RM-006,5,0.33,NULL,NULL,"1,2,3","Poor, Average, Very Well",NULL,We carry out technical reviews as required,template.html,NULL,2018-11-28 11:17:13,NULL,2010-05-18 14:05:00
NULL,Q-206,v1.0,SPP-001,SPP,Multi-choice,21,RM-005,5,0.66,NULL,NULL,"1,2,3","Low,Medium,High",Strategic plans are more a way of thinking than a numbers based outcome. The process should flex assumptions and test if the plan can survive some assumptions  going wrong,Shares / revenue assumptions being flexed to test +/-10% variance,template.html,NULL,2018-11-28 11:17:07,NULL,2010-05-18 14:05:00
NULL,Q-206,v1.0,SPP-001,SPP,Multi-choice,21,RM-006,5,0.33,NULL,NULL,"1,2,3","Poor, Average, Very Well",NULL,Shares / revenue assumptions being flexed to test +/-10% variance,template.html,NULL,2018-11-28 11:17:13,NULL,2010-05-18 14:05:00
NULL,Q-207,v1.0,SPP-001,SPP,Multi-choice,21,RM-005,5,0.66,NULL,NULL,"1,2,3","Low,Medium,High",NULL,Costs / margins assumptions being flexed to test +/- 10% variance,template.html,NULL,2018-11-28 11:17:07,NULL,2010-05-18 14:05:00
NULL,Q-207,v1.0,SPP-001,SPP,Multi-choice,21,RM-006,5,0.33,NULL,NULL,"1,2,3","Poor, Average, Very Well",NULL,Costs / margins assumptions being flexed to test +/- 10% variance,template.html,NULL,2018-11-28 11:17:13,NULL,2010-05-18 14:05:00
NULL,Q-208,v1.0,SPP-001,SPP,Multi-choice,21,RM-005,5,0.66,NULL,NULL,"1,2,3","Low,Medium,High",NULL,Base plan projections accompanied by a table of Upsides / Downsides to reflect uncertainties,template.html,NULL,2018-11-28 11:17:07,NULL,2010-05-18 14:05:00
NULL,Q-208,v1.0,SPP-001,SPP,Multi-choice,21,RM-006,5,0.33,NULL,NULL,"1,2,3","Poor, Average, Very Well",NULL,Base plan projections accompanied by a table of Upsides / Downsides to reflect uncertainties,template.html,NULL,2018-11-28 11:17:13,NULL,2010-05-18 14:05:00
NULL,Q-209,v1.0,SPP-001,SPP,Multi-choice,22,RM-005,5,0.66,NULL,NULL,"1,2,3","Low,Medium,High","When the strategy involves a major change in direction, the process must ensure that the organisation is prepared for the change.",Structure reviews,template.html,NULL,2018-11-28 11:17:07,NULL,2010-05-18 12:52:00
NULL,Q-209,v1.0,SPP-001,SPP,Multi-choice,22,RM-006,5,0.33,NULL,NULL,"1,2,3","Poor, Average, Very Well",NULL,Structure reviews,template.html,NULL,2018-11-28 11:17:13,NULL,2010-05-18 12:57:00
NULL,Q-210,v1.0,SPP-001,SPP,Multi-choice,22,RM-005,5,0.66,NULL,NULL,"1,2,3","Low,Medium,High",NULL,Process reviews,template.html,NULL,2018-11-28 11:17:07,NULL,2010-05-18 12:59:00
NULL,Q-210,v1.0,SPP-001,SPP,Multi-choice,22,RM-006,5,0.33,NULL,NULL,"1,2,3","Poor, Average, Very Well",NULL,Process reviews,template.html,NULL,2018-11-28 11:17:13,NULL,2010-05-18 13:56:00
NULL,Q-211,v1.0,SPP-001,SPP,Multi-choice,22,RM-005,5,0.66,NULL,NULL,"1,2,3","Low,Medium,High",NULL,Skill/capability reviews,template.html,NULL,2018-11-28 11:17:07,NULL,2010-05-18 13:58:00
NULL,Q-211,v1.0,SPP-001,SPP,Multi-choice,22,RM-006,5,0.33,NULL,NULL,"1,2,3","Poor, Average, Very Well",NULL,Skill/capability reviews,template.html,NULL,2018-11-28 11:17:13,NULL,2010-05-18 13:58:00
NULL,Q-212,v1.0,SPP-001,SPP,Multi-choice,22,RM-005,5,0.66,NULL,NULL,"1,2,3","Low,Medium,High",NULL,Rewards reviews,template.html,NULL,2018-11-28 11:17:07,NULL,2010-05-18 14:00:00
NULL,Q-212,v1.0,SPP-001,SPP,Multi-choice,22,RM-006,5,0.33,NULL,NULL,"1,2,3","Poor, Average, Very Well",NULL,Rewards reviews,template.html,NULL,2018-11-28 11:17:13,NULL,2010-05-18 14:01:00
NULL,Q-213,v1.0,SPP-001,SPP,Multi-choice,23,RM-005,5,0.66,NULL,NULL,"1,2,3","Low,Medium,High","However clever the strategy, it cannot work unless it is translated into actions and outcomes that can be assigned and tracked",Key actions & outcomes are reflected in annual plans,template.html,NULL,2018-11-28 11:17:07,NULL,2010-05-18 14:01:00
NULL,Q-213,v1.0,SPP-001,SPP,Multi-choice,23,RM-006,5,0.33,NULL,NULL,"1,2,3","Poor, Average, Very Well",NULL,Key actions & outcomes are reflected in annual plans,template.html,NULL,2018-11-28 11:17:13,NULL,2010-05-18 14:01:00
NULL,Q-300,v1.0,LIF-001,LIF,Multi-choice,28,RM-007,4,NULL,NULL,0,"1,2,3,4,5","No Confidence, Some Confidence, Quite Confident, Extremly Confident, Don\'t know",How confident are you that we exhibit the following leadership capabilities?,We set a clear direction and clear goals for individuals and teams we lead,template.html,NULL,2010-05-18 12:52:00,NULL,2010-05-18 12:52:00
NULL,Q-301,v1.0,LIF-001,LIF,Multi-choice,28,RM-007,4,NULL,NULL,0,"1,2,3,4,5","No Confidence, Some Confidence, Quite Confident, Extremly Confident, Don\'t know",NULL,We coach individuals and teams to deliver high performance,template.html,NULL,2010-05-18 12:57:00,NULL,2010-05-18 12:57:00
NULL,Q-302,v1.0,LIF-001,LIF,Multi-choice,28,RM-007,4,NULL,NULL,0,"1,2,3,4,5","No Confidence, Some Confidence, Quite Confident, Extremly Confident, Don\'t know",NULL,We leverage talent and capability across our business to optimise our collective impact,template.html,NULL,2010-05-18 12:59:00,NULL,2010-05-18 12:59:00
NULL,Q-303,v1.0,LIF-001,LIF,Multi-choice,28,RM-007,4,NULL,NULL,0,"1,2,3,4,5","No Confidence, Some Confidence, Quite Confident, Extremly Confident, Don\'t know",NULL,We regularly seek feedback to challenge ourselves to continuously improve,template.html,NULL,2010-05-18 13:56:00,NULL,2010-05-18 13:56:00
NULL,Q-304,v1.0,LIF-001,LIF,Multi-choice,28,RM-007,4,NULL,NULL,0,"1,2,3,4,5","No Confidence, Some Confidence, Quite Confident, Extremly Confident, Don\'t know",NULL,We champion agile ways of working that deliver excllence for all our stakeholders,template.html,NULL,2010-05-18 13:58:00,NULL,2010-05-18 13:58:00
NULL,Q-305,v1.0,LIF-001,LIF,Multi-choice,29,RM-007,4,NULL,NULL,0,"1,2,3,4,5","No Confidence, Some Confidence, Quite Confident, Extremly Confident, Don\'t know",How confident are you that we exhibit the following leadership capabilities?,We understand the impact of Industry 4.0 in our markets ,template.html,NULL,2010-05-18 13:58:00,NULL,2010-05-18 13:58:00
NULL,Q-306,v1.0,LIF-001,LIF,Multi-choice,29,RM-007,4,NULL,NULL,0,"1,2,3,4,5","No Confidence, Some Confidence, Quite Confident, Extremly Confident, Don\'t know",NULL,We know how to meet our customers' changing business needs,template.html,NULL,2010-05-18 14:00:00,NULL,2010-05-18 14:00:00
NULL,Q-307,v1.0,LIF-001,LIF,Multi-choice,29,RM-007,4,NULL,NULL,0,"1,2,3,4,5","No Confidence, Some Confidence, Quite Confident, Extremly Confident, Don\'t know",NULL,We work in partnership to develop distinctive customer solutions,template.html,NULL,2010-05-18 14:01:00,NULL,2010-05-18 14:01:00
NULL,Q-308,v1.0,LIF-001,LIF,Multi-choice,29,RM-007,4,NULL,NULL,0,"1,2,3,4,5","No Confidence, Some Confidence, Quite Confident, Extremly Confident, Don\'t know",NULL,We drive the development or market leading technologies and/or capabilities,template.html,NULL,2010-05-18 14:01:00,NULL,2010-05-18 14:01:00
NULL,Q-309,v1.0,LIF-001,LIF,Multi-choice,29,RM-007,4,NULL,NULL,0,"1,2,3,4,5","No Confidence, Some Confidence, Quite Confident, Extremly Confident, Don\'t know",NULL,We allocate resources optimally to ensure the delivery of our business's strategic priorities,template.html,NULL,2010-05-18 14:01:00,NULL,2010-05-18 14:01:00
NULL,Q-310,v1.0,LIF-001,LIF,Multi-choice,30,RM-007,4,NULL,NULL,0,"1,2,3,4,5","No Confidence, Some Confidence, Quite Confident, Extremly Confident, Don\'t know",How confident are you that we exhibit the following leadership capabilities?,"We see the whole system: big picture and detail, short and long-term ",template.html,NULL,2010-05-18 14:03:00,NULL,2010-05-18 14:03:00
NULL,Q-311,v1.0,LIF-001,LIF,Multi-choice,30,RM-007,4,NULL,NULL,0,"1,2,3,4,5","No Confidence, Some Confidence, Quite Confident, Extremly Confident, Don\'t know",NULL,We identify opportunities and challenges where we will need to lead others through change to overcome resistance  ,template.html,NULL,2010-05-18 14:05:00,NULL,2010-05-18 14:05:00
NULL,Q-312,v1.0,LIF-001,LIF,Multi-choice,30,RM-007,4,NULL,NULL,0,"1,2,3,4,5","No Confidence, Some Confidence, Quite Confident, Extremly Confident, Don\'t know",NULL,We decide on whether and how to respond to complex opportunities and challenges,template.html,NULL,2010-05-18 14:05:00,NULL,2010-05-18 14:05:00
NULL,Q-313,v1.0,LIF-001,LIF,Multi-choice,30,RM-007,4,NULL,NULL,0,"1,2,3,4,5","No Confidence, Some Confidence, Quite Confident, Extremly Confident, Don\'t know",NULL,We consider the impact on all stakeholders in our decision making,template.html,NULL,2010-05-18 14:05:00,NULL,2010-05-18 14:05:00
NULL,Q-314,v1.0,LIF-001,LIF,Multi-choice,30,RM-007,4,NULL,NULL,0,"1,2,3,4,5","No Confidence, Some Confidence, Quite Confident, Extremly Confident, Don\'t know",NULL,We work effectively in complexity and ambiguity to find the best solution for all stakeholders (VUCA),template.html,NULL,2010-05-18 14:05:00,NULL,2010-05-18 14:05:00
NULL,Q-315,v1.0,LIF-001,LIF,Multi-choice,31,RM-007,4,NULL,NULL,0,"1,2,3,4,5","No Confidence, Some Confidence, Quite Confident, Extremly Confident, Don\'t know",How confident are you that we exhibit the following leadership capabilities?,We communicate a clear message around our companies' values,template.html,NULL,2010-05-18 14:05:00,NULL,2010-05-18 14:05:00
NULL,Q-316,v1.0,LIF-001,LIF,Multi-choice,31,RM-007,4,NULL,NULL,0,"1,2,3,4,5","No Confidence, Some Confidence, Quite Confident, Extremly Confident, Don\'t know",NULL,We role model the business values in all our behaviours,template.html,NULL,2010-05-18 14:05:00,NULL,2010-05-18 14:05:00
NULL,Q-317,v1.0,LIF-001,LIF,Multi-choice,31,RM-007,4,NULL,NULL,0,"1,2,3,4,5","No Confidence, Some Confidence, Quite Confident, Extremly Confident, Don\'t know",NULL,We nurture a diverse and inclusive working environment,template.html,NULL,2010-05-18 14:05:00,NULL,2010-05-18 14:05:00
NULL,Q-318,v1.0,LIF-001,LIF,Multi-choice,31,RM-007,4,NULL,NULL,0,"1,2,3,4,5","No Confidence, Some Confidence, Quite Confident, Extremly Confident, Don\'t know",NULL,We support individuals and teams through change and transition,template.html,NULL,2010-05-18 14:05:00,NULL,2010-05-18 14:05:00
NULL,Q-319,v1.0,LIF-001,LIF,Multi-choice,31,RM-007,4,NULL,NULL,0,"1,2,3,4,5","No Confidence, Some Confidence, Quite Confident, Extremly Confident, Don\'t know",NULL,We play a leading role in the teams that we are each part of across the business,template.html,NULL,2010-05-18 14:05:00,NULL,2010-05-18 14:05:00
NULL,Q-400,v1.0,AM-001,AM,Multi-choice,36,RM-008,4,NULL,NULL,0,"1,2,3,4,5","Not at all, To some extent, Quite a lot, To a significant extent, Don\'t know",Do we?,Ensure that our employees’s jobs are challenging?,template.html,NULL,2010-05-18 12:52:00,NULL,2010-05-18 12:52:00
NULL,Q-401,v1.0,AM-001,AM,Multi-choice,36,RM-008,4,NULL,NULL,0,"1,2,3,4,5","Not at all, To some extent, Quite a lot, To a significant extent, Don\'t know",,Set clear goals and accountabilities?,template.html,NULL,2010-05-18 12:52:00,NULL,2010-05-18 12:52:00
NULL,Q-402,v1.0,AM-001,AM,Multi-choice,36,RM-008,4,NULL,NULL,0,"1,2,3,4,5","Not at all, To some extent, Quite a lot, To a significant extent, Don\'t know",,Ensure clear goal purpose and meaning for all roles?,template.html,NULL,2010-05-18 12:52:00,NULL,2010-05-18 12:52:00
NULL,Q-403,v1.0,AM-001,AM,Multi-choice,36,RM-008,4,NULL,NULL,0,"1,2,3,4,5","Not at all, To some extent, Quite a lot, To a significant extent, Don\'t know",,Ensure that when roles change we help to build clarity about the new roles?,template.html,NULL,2010-05-18 12:52:00,NULL,2010-05-18 12:52:00
NULL,Q-404,v1.0,AM-001,AM,Multi-choice,37,RM-008,4,NULL,NULL,0,"1,2,3,4,5","Not at all, To some extent, Quite a lot, To a significant extent, Don\'t know",Do we?,Listen to our employees?,template.html,NULL,2010-05-18 12:52:00,NULL,2010-05-18 12:52:00
NULL,Q-405,v1.0,AM-001,AM,Multi-choice,37,RM-008,4,NULL,NULL,0,"1,2,3,4,5","Not at all, To some extent, Quite a lot, To a significant extent, Don\'t know",,Help our employees to develop?,template.html,NULL,2010-05-18 12:52:00,NULL,2010-05-18 12:52:00
NULL,Q-406,v1.0,AM-001,AM,Multi-choice,37,RM-008,4,NULL,NULL,0,"1,2,3,4,5","Not at all, To some extent, Quite a lot, To a significant extent, Don\'t know",,Make time for our employees?,template.html,NULL,2010-05-18 12:52:00,NULL,2010-05-18 12:52:00
NULL,Q-407,v1.0,AM-001,AM,Multi-choice,37,RM-008,4,NULL,NULL,0,"1,2,3,4,5","Not at all, To some extent, Quite a lot, To a significant extent, Don\'t know",,Ensure that we give regular feedback?,template.html,NULL,2010-05-18 12:52:00,NULL,2010-05-18 12:52:00
NULL,Q-408,v1.0,AM-001,AM,Multi-choice,38,RM-008,4,NULL,NULL,0,"1,2,3,4,5","Not at all, To some extent, Quite a lot, To a significant extent, Don\'t know",Do we?,Instill confidence that our employees can achieve their goals?,template.html,NULL,2010-05-18 12:52:00,NULL,2010-05-18 12:52:00
NULL,Q-409,v1.0,AM-001,AM,Multi-choice,38,RM-008,4,NULL,NULL,0,"1,2,3,4,5","Not at all, To some extent, Quite a lot, To a significant extent, Don\'t know",,Ensure that our employees feel respected?,template.html,NULL,2010-05-18 12:52:00,NULL,2010-05-18 12:52:00
NULL,Q-410,v1.0,AM-001,AM,Multi-choice,38,RM-008,4,NULL,NULL,0,"1,2,3,4,5","Not at all, To some extent, Quite a lot, To a significant extent, Don\'t know",,Give everyone the opportunity to perform?,template.html,NULL,2010-05-18 12:52:00,NULL,2010-05-18 12:52:00
NULL,Q-411,v1.0,AM-001,AM,Multi-choice,38,RM-008,4,NULL,NULL,0,"1,2,3,4,5","Not at all, To some extent, Quite a lot, To a significant extent, Don\'t know",,Allow everyone to have control over the work they do?,template.html,NULL,2010-05-18 12:52:00,NULL,2010-05-18 12:52:00
NULL,Q-412,v1.0,AM-001,AM,Multi-choice,39,RM-008,4,NULL,NULL,0,"1,2,3,4,5","Not at all, To some extent, Quite a lot, To a significant extent, Don\'t know",Do we?,Help our employees feel good about our purpose,template.html,NULL,2010-05-18 12:52:00,NULL,2010-05-18 12:52:00
NULL,Q-413,v1.0,AM-001,AM,Multi-choice,39,RM-008,4,NULL,NULL,0,"1,2,3,4,5","Not at all, To some extent, Quite a lot, To a significant extent, Don\'t know",,Help our employees understand strategy?,template.html,NULL,2010-05-18 12:52:00,NULL,2010-05-18 12:52:00
NULL,Q-414,v1.0,AM-001,AM,Multi-choice,39,RM-008,4,NULL,NULL,0,"1,2,3,4,5","Not at all, To some extent, Quite a lot, To a significant extent, Don\'t know",,Help our employees understand our products and services,template.html,NULL,2010-05-18 12:52:00,NULL,2010-05-18 12:52:00
NULL,Q-415,v1.0,AM-001,AM,Multi-choice,39,RM-008,4,NULL,NULL,0,"1,2,3,4,5","Not at all, To some extent, Quite a lot, To a significant extent, Don\'t know",,Help our employees 'want to do their jobs?',template.html,NULL,2010-05-18 12:52:00,NULL,2010-05-18 12:52:00
NULL,Q-500,v1.0,CB-001,CB,Multi-choice,44,RM-008,4,NULL,NULL,0,"1,2,3,4,5","Not at all, To some extent, Quite a lot, To a significant extent, Don\'t know",To what extent do you see the following behaviours/characteristics within your organisation?,A strong/several strong leaders who dominate the decision making ,template.html,NULL,2010-05-18 12:52:00,NULL,2010-05-18 12:52:00
NULL,Q-501,v1.0,CB-001,CB,Multi-choice,44,RM-008,4,NULL,NULL,0,"1,2,3,4,5","Not at all, To some extent, Quite a lot, To a significant extent, Don\'t know",,Decisions are made in the absence of strong rules / only when the strong individual allows it,template.html,NULL,2010-05-18 12:52:00,NULL,2010-05-18 12:52:00
NULL,Q-502,v1.0,CB-001,CB,Multi-choice,44,RM-008,4,NULL,NULL,0,"1,2,3,4,5","Not at all, To some extent, Quite a lot, To a significant extent, Don\'t know",,Employees try as hard as they can to 'get close to the action',template.html,NULL,2010-05-18 12:52:00,NULL,2010-05-18 12:52:00
NULL,Q-503,v1.0,CB-001,CB,Multi-choice,44,RM-008,4,NULL,NULL,0,"1,2,3,4,5","Not at all, To some extent, Quite a lot, To a significant extent, Don\'t know",,People are sometimes seen to be 'not important',template.html,NULL,2010-05-18 12:52:00,NULL,2010-05-18 12:52:00
NULL,Q-504,v1.0,CB-001,CB,Multi-choice,45,RM-008,4,NULL,NULL,0,"1,2,3,4,5","Not at all, To some extent, Quite a lot, To a significant extent, Don\'t know",To what extent do you see the following behaviours/characteristics within your organisation?,Functions stick rigidly to their own rules when making decisions / creating policy,template.html,NULL,2010-05-18 12:52:00,NULL,2010-05-18 12:52:00
NULL,Q-505,v1.0,CB-001,CB,Multi-choice,45,RM-008,4,NULL,NULL,0,"1,2,3,4,5","Not at all, To some extent, Quite a lot, To a significant extent, Don\'t know",,Functions work is seen as 'correct' and effective,template.html,NULL,2010-05-18 12:52:00,NULL,2010-05-18 12:52:00
NULL,Q-506,v1.0,CB-001,CB,Multi-choice,45,RM-008,4,NULL,NULL,0,"1,2,3,4,5","Not at all, To some extent, Quite a lot, To a significant extent, Don\'t know",,Common use of processes and policies are usually applied,template.html,NULL,2010-05-18 12:52:00,NULL,2010-05-18 12:52:00
NULL,Q-507,v1.0,CB-001,CB,Multi-choice,45,RM-008,4,NULL,NULL,0,"1,2,3,4,5","Not at all, To some extent, Quite a lot, To a significant extent, Don\'t know",,Conscious lack of flexibility and discussion ,template.html,NULL,2010-05-18 12:52:00,NULL,2010-05-18 12:52:00
NULL,Q-508,v1.0,CB-001,CB,Multi-choice,46,RM-008,4,NULL,NULL,0,"1,2,3,4,5","Not at all, To some extent, Quite a lot, To a significant extent, Don\'t know",To what extent do you see the following behaviours/characteristics within your organisation?,Management attempts to resolve issues by utilising their own expertise,template.html,NULL,2010-05-18 12:52:00,NULL,2010-05-18 12:52:00
NULL,Q-509,v1.0,CB-001,CB,Multi-choice,46,RM-008,4,NULL,NULL,0,"1,2,3,4,5","Not at all, To some extent, Quite a lot, To a significant extent, Don\'t know",,Employees work well together in small loose-hard work units (e.g. agile/scrums).,template.html,NULL,2010-05-18 12:52:00,NULL,2010-05-18 12:52:00
NULL,Q-510,v1.0,CB-001,CB,Multi-choice,46,RM-008,4,NULL,NULL,0,"1,2,3,4,5","Not at all, To some extent, Quite a lot, To a significant extent, Don\'t know",,Results are considered first and procedures are applied later,template.html,NULL,2010-05-18 12:52:00,NULL,2010-05-18 12:52:00
NULL,Q-511,v1.0,CB-001,CB,Multi-choice,46,RM-008,4,NULL,NULL,0,"1,2,3,4,5","Not at all, To some extent, Quite a lot, To a significant extent, Don\'t know",,"Career success is iusually granted to those who demonstrate dedication, expertise and success ",template.html,NULL,2010-05-18 12:52:00,NULL,2010-05-18 12:52:00
NULL,Q-512,v1.0,CB-001,CB,Multi-choice,47,RM-008,4,NULL,NULL,0,"1,2,3,4,5","Not at all, To some extent, Quite a lot, To a significant extent, Don\'t know",To what extent do you see the following behaviours/characteristics within your organisation?,People are seen to be more important than the Organisation and growth of the Organisation is not critical,template.html,NULL,2010-05-18 12:52:00,NULL,2010-05-18 12:52:00
NULL,Q-513,v1.0,CB-001,CB,Multi-choice,47,RM-008,4,NULL,NULL,0,"1,2,3,4,5","Not at all, To some extent, Quite a lot, To a significant extent, Don\'t know",,The manager is given equal status to the employee ,template.html,NULL,2010-05-18 12:52:00,NULL,2010-05-18 12:52:00
NULL,Q-514,v1.0,CB-001,CB,Multi-choice,47,RM-008,4,NULL,NULL,0,"1,2,3,4,5","Not at all, To some extent, Quite a lot, To a significant extent, Don\'t know",,There are few rules and procedures,template.html,NULL,2010-05-18 12:52:00,NULL,2010-05-18 12:52:00
NULL,Q-515,v1.0,CB-001,CB,Multi-choice,47,RM-008,4,NULL,NULL,0,"1,2,3,4,5","Not at all, To some extent, Quite a lot, To a significant extent, Don\'t know",,Leadership must happen naturally - there is no hierarchy,template.html,NULL,2010-05-18 12:52:00,NULL,2010-05-18 12:52:00
NULL,Q-600,v1.0,SD-001,SDD,Multi-choice,51,RM-008,4,NULL,NULL,0,"1,2,3,4,5","Doesn\'t matter, The same as others, Above average, The Best,  Don\'t know","Relative to others, where should our capabilities be positioned?",Creates new products quicker than our competitors,template.html,NULL,2010-05-18 12:52:00,NULL,2010-05-18 12:52:00
NULL,Q-601,v1.0,SD-001,SDD,Multi-choice,51,RM-008,4,NULL,NULL,0,"1,2,3,4,5","Doesn\'t matter, The same as others, Above average, The Best,  Don\'t know",,Presents a diverse and relevant product portfolio,template.html,NULL,2010-05-18 12:52:00,NULL,2010-05-18 12:52:00
NULL,Q-602,v1.0,SD-001,SDD,Multi-choice,51,RM-008,4,NULL,NULL,0,"1,2,3,4,5","Doesn\'t matter, The same as others, Above average, The Best,  Don\'t know",,Delivers leading edge products,template.html,NULL,2010-05-18 12:52:00,NULL,2010-05-18 12:52:00
NULL,Q-603,v1.0,SD-001,SDD,Multi-choice,51,RM-008,4,NULL,NULL,0,"1,2,3,4,5","Doesn\'t matter, The same as others, Above average, The Best,  Don\'t know",,Innovates in product development,template.html,NULL,2010-05-18 12:52:00,NULL,2010-05-18 12:52:00
NULL,Q-604,v1.0,SD-001,SDD,Multi-choice,51,RM-008,4,NULL,NULL,0,"1,2,3,4,5","Doesn\'t matter, The same as others, Above average, The Best,  Don\'t know",To what extent do you see the following behaviours/characteristics within your organisation?,"Bundles products, is solution oriented",template.html,NULL,2010-05-18 12:52:00,NULL,2010-05-18 12:52:00
NULL,Q-605,v1.0,SD-001,SDD,Multi-choice,52,RM-008,4,NULL,NULL,0,"1,2,3,4,5","Doesn\'t matter, The same as others, Above average, The Best,  Don\'t know","Relative to others, where should our capabilities be positioned?",Delivers highly efficient  / low cost production,template.html,NULL,2010-05-18 12:52:00,NULL,2010-05-18 12:52:00
NULL,Q-606,v1.0,SD-001,SDD,Multi-choice,52,RM-008,4,NULL,NULL,0,"1,2,3,4,5","Doesn\'t matter, The same as others, Above average, The Best,  Don\'t know",,Ensures quality standards and excellence in it's chosen field,template.html,NULL,2010-05-18 12:52:00,NULL,2010-05-18 12:52:00
NULL,Q-607,v1.0,SD-001,SDD,Multi-choice,52,RM-008,4,NULL,NULL,0,"1,2,3,4,5","Doesn\'t matter, The same as others, Above average, The Best,  Don\'t know",,Builds repeatable high quality methodologies,template.html,NULL,2010-05-18 12:52:00,NULL,2010-05-18 12:52:00
NULL,Q-608,v1.0,SD-001,SDD,Multi-choice,52,RM-008,4,NULL,NULL,0,"1,2,3,4,5","Doesn\'t matter, The same as others, Above average, The Best,  Don\'t know",To what extent do you see the following behaviours/characteristics within your organisation?,Seeks to apply continuous improvement processes,template.html,NULL,2010-05-18 12:52:00,NULL,2010-05-18 12:52:00
NULL,Q-609,v1.0,SD-001,SDD,Multi-choice,52,RM-008,4,NULL,NULL,0,"1,2,3,4,5","Doesn\'t matter, The same as others, Above average, The Best,  Don\'t know",,Strives for operational excellence,template.html,NULL,2010-05-18 12:52:00,NULL,2010-05-18 12:52:00
NULL,Q-610,v1.0,SD-001,SDD,Multi-choice,53,RM-008,4,NULL,NULL,0,"1,2,3,4,5","Doesn\'t matter, The same as others, Above average, The Best,  Don\'t know","Relative to others, where should our capabilities be positioned?",Builds long-term relationships with customers,template.html,NULL,2010-05-18 12:52:00,NULL,2010-05-18 12:52:00
NULL,Q-611,v1.0,SD-001,SDD,Multi-choice,53,RM-008,4,NULL,NULL,0,"1,2,3,4,5","Doesn\'t matter, The same as others, Above average, The Best,  Don\'t know",,Achieves great levels of customer feedback and satisfaction,template.html,NULL,2010-05-18 12:52:00,NULL,2010-05-18 12:52:00
NULL,Q-612,v1.0,SD-001,SDD,Multi-choice,53,RM-008,4,NULL,NULL,0,"1,2,3,4,5","Doesn\'t matter, The same as others, Above average, The Best,  Don\'t know",To what extent do you see the following behaviours/characteristics within your organisation?,Utilises multiple distribution channnels,template.html,NULL,2010-05-18 12:52:00,NULL,2010-05-18 12:52:00
NULL,Q-613,v1.0,SD-001,SDD,Multi-choice,53,RM-008,4,NULL,NULL,0,"1,2,3,4,5","Doesn\'t matter, The same as others, Above average, The Best,  Don\'t know",,Develops tailored products / solutions based on customer need,template.html,NULL,2010-05-18 12:52:00,NULL,2010-05-18 12:52:00
NULL,Q-614,v1.0,SD-001,SDD,Multi-choice,53,RM-008,4,NULL,NULL,0,"1,2,3,4,5","Doesn\'t matter, The same as others, Above average, The Best,  Don\'t know",To what extent do you see the following behaviours/characteristics within your organisation?,Creates effective alliances / partnerships with other organisations ,template.html,NULL,2010-05-18 12:52:00,NULL,2010-05-18 12:52:00
NULL,Q-615,v1.0,SD-001,SDD,Multi-choice,54,RM-008,4,NULL,NULL,0,"1,2,3,4,5","Doesn\'t matter, The same as others, Above average, The Best,  Don\'t know",,Leadership must happen naturally - there is no hierarchy,template.html,NULL,2010-05-18 12:52:00,NULL,2010-05-18 12:52:00
NULL,Q-700,v1.0,BEF-001,BEF,Multi-choice,72,RM-008,4,NULL,NULL,0,"1,2,3,4,5","No Confidence, Some Confidence, Quite Confident, Extremly Confident, Don\'t know",How confident are you that our Board exhibits the following capabilities?,Whole system perspective,template.html,NULL,2010-05-18 12:52:00,NULL,2010-05-18 12:52:00
NULL,Q-701,v1.0,BEF-001,BEF,Multi-choice,72,RM-008,4,NULL,NULL,0,"1,2,3,4,5","No Confidence, Some Confidence, Quite Confident, Extremly Confident, Don\'t know",,Whole system leadership: one voice,template.html,NULL,2010-05-18 12:52:00,NULL,2010-05-18 12:52:00
NULL,Q-702,v1.0,BEF-001,BEF,Multi-choice,72,RM-008,4,NULL,NULL,0,"1,2,3,4,5","No Confidence, Some Confidence, Quite Confident, Extremly Confident, Don\'t know",,Clear on shared outcomes and system impact,template.html,NULL,2010-05-18 12:52:00,NULL,2010-05-18 12:52:00
NULL,Q-703,v1.0,BEF-001,BEF,Multi-choice,72,RM-008,4,NULL,NULL,0,"1,2,3,4,5","No Confidence, Some Confidence, Quite Confident, Extremly Confident, Don\'t know",,Clear on boundaries/areas of collaboration,template.html,NULL,2010-05-18 12:52:00,NULL,2010-05-18 12:52:00
NULL,Q-704,v1.0,BEF-001,BEF,Multi-choice,72,RM-008,4,NULL,NULL,0,"1,2,3,4,5","No Confidence, Some Confidence, Quite Confident, Extremly Confident, Don\'t know", ,Right level of information and questions,template.html,NULL,2010-05-18 12:52:00,NULL,2010-05-18 12:52:00
NULL,Q-705,v1.0,BEF-001,BEF,Multi-choice,56,RM-008,4,NULL,NULL,0,"1,2,3,4,5","No Confidence, Some Confidence, Quite Confident, Extremly Confident, Don\'t know",How confident are you that our Board exhibits the following capabilities?,"Clear on purpose, strategy, goals, vision of success",template.html,NULL,2010-05-18 12:52:00,NULL,2010-05-18 12:52:00
NULL,Q-706,v1.0,BEF-001,BEF,Multi-choice,56,RM-008,4,NULL,NULL,0,"1,2,3,4,5","No Confidence, Some Confidence, Quite Confident, Extremly Confident, Don\'t know",,Clear on priority actions,template.html,NULL,2010-05-18 12:52:00,NULL,2010-05-18 12:52:00
NULL,Q-707,v1.0,BEF-001,BEF,Multi-choice,56,RM-008,4,NULL,NULL,0,"1,2,3,4,5","No Confidence, Some Confidence, Quite Confident, Extremly Confident, Don\'t know",,Clear on optimal allocation of resources ,template.html,NULL,2010-05-18 12:52:00,NULL,2010-05-18 12:52:00
NULL,Q-708,v1.0,BEF-001,BEF,Multi-choice,56,RM-008,4,NULL,NULL,0,"1,2,3,4,5","No Confidence, Some Confidence, Quite Confident, Extremly Confident, Don\'t know", ,Collective leadership and improvement behaviours,template.html,NULL,2010-05-18 12:52:00,NULL,2010-05-18 12:52:00
NULL,Q-709,v1.0,BEF-001,BEF,Multi-choice,56,RM-008,4,NULL,NULL,0,"1,2,3,4,5","No Confidence, Some Confidence, Quite Confident, Extremly Confident, Don\'t know",,Robust strategic comms and engagement,template.html,NULL,2010-05-18 12:52:00,NULL,2010-05-18 12:52:00
NULL,Q-710,v1.0,BEF-001,BEF,Multi-choice,57,RM-008,4,NULL,NULL,0,"1,2,3,4,5","No Confidence, Some Confidence, Quite Confident, Extremly Confident, Don\'t know",How confident are you that our Board exhibits the following capabilities?,Role models for Compassionate & Inclusive Leadership,template.html,NULL,2010-05-18 12:52:00,NULL,2010-05-18 12:52:00
NULL,Q-711,v1.0,BEF-001,BEF,Multi-choice,57,RM-008,4,NULL,NULL,0,"1,2,3,4,5","No Confidence, Some Confidence, Quite Confident, Extremly Confident, Don\'t know",,Clear on leadership outcomes and impact ,template.html,NULL,2010-05-18 12:52:00,NULL,2010-05-18 12:52:00
NULL,Q-712,v1.0,BEF-001,BEF,Multi-choice,57,RM-008,4,NULL,NULL,0,"1,2,3,4,5","No Confidence, Some Confidence, Quite Confident, Extremly Confident, Don\'t know", ,Sustainable improvement & innovation capability ,template.html,NULL,2010-05-18 12:52:00,NULL,2010-05-18 12:52:00
NULL,Q-713,v1.0,BEF-001,BEF,Multi-choice,57,RM-008,4,NULL,NULL,0,"1,2,3,4,5","No Confidence, Some Confidence, Quite Confident, Extremly Confident, Don\'t know",,Appropriate Exec performance management,template.html,NULL,2010-05-18 12:52:00,NULL,2010-05-18 12:52:00
NULL,Q-714,v1.0,BEF-001,BEF,Multi-choice,57,RM-008,4,NULL,NULL,0,"1,2,3,4,5","No Confidence, Some Confidence, Quite Confident, Extremly Confident, Don\'t know", ,Robust Exec succession talent / leadership development,template.html,NULL,2010-05-18 12:52:00,NULL,2010-05-18 12:52:00
NULL,Q-715,v1.0,BEF-001,BEF,Multi-choice,57,RM-008,4,NULL,NULL,0,"1,2,3,4,5","No Confidence, Some Confidence, Quite Confident, Extremly Confident, Don\'t know",,Strong continuous learning & improvement culture,template.html,NULL,2010-05-18 12:52:00,NULL,2010-05-18 12:52:00
NULL,Q-716,v1.0,BEF-001,BEF,Multi-choice,58,RM-008,4,NULL,NULL,0,"1,2,3,4,5","No Confidence, Some Confidence, Quite Confident, Extremly Confident, Don\'t know",How confident are you that our Board exhibits the following capabilities?,Right balance of short/long term gains and risks,template.html,NULL,2010-05-18 12:52:00,NULL,2010-05-18 12:52:00
NULL,Q-717,v1.0,BEF-001,BEF,Multi-choice,58,RM-008,4,NULL,NULL,0,"1,2,3,4,5","No Confidence, Some Confidence, Quite Confident, Extremly Confident, Don\'t know",,Effective risk management of strategy & execution,template.html,NULL,2010-05-18 12:52:00,NULL,2010-05-18 12:52:00
NULL,Q-718,v1.0,BEF-001,BEF,Multi-choice,58,RM-008,4,NULL,NULL,0,"1,2,3,4,5","No Confidence, Some Confidence, Quite Confident, Extremly Confident, Don\'t know", ,Balanced impact measurement,template.html,NULL,2010-05-18 12:52:00,NULL,2010-05-18 12:52:00
NULL,Q-719,v1.0,BEF-001,BEF,Multi-choice,59,RM-008,4,NULL,NULL,0,"1,2,3,4,5","No Confidence, Some Confidence, Quite Confident, Extremly Confident, Don\'t know",How confident are you that our Board exhibits the following capabilities?,Clear on accountabilities robust processes to support,template.html,NULL,2010-05-18 12:52:00,NULL,2010-05-18 12:52:00
NULL,Q-720,v1.0,BEF-001,BEF,Multi-choice,59,RM-008,4,NULL,NULL,0,"1,2,3,4,5","No Confidence, Some Confidence, Quite Confident, Extremly Confident, Don\'t know", ,"Optimal board impact eg: agenda topics, decisions, actions",template.html,NULL,2010-05-18 12:52:00,NULL,2010-05-18 12:52:00
NULL,Q-721,v1.0,BEF-001,BEF,Multi-choice,59,RM-008,4,NULL,NULL,0,"1,2,3,4,5","No Confidence, Some Confidence, Quite Confident, Extremly Confident, Don\'t know",,"Board continuous learning, improvement and evaluation",template.html,NULL,2010-05-18 12:52:00,NULL,2010-05-18 12:52:00
NULL,Q-800,v1.0,RG-001,R&G,Multi-choice,62,RM-001,4,NULL,NULL,0,"1,2,3,4,5","Strongly Agree,Agree,Disagree,Strongly Disagree,Don\'t Know",,We are confident that there are no risks of technology obselescence in the foreseeable future,template.html,NULL,2010-05-18 12:52:00,NULL,2010-05-18 12:52:00
NULL,Q-801,v1.0,RG-001,R&G,Multi-choice,62,RM-001,4,NULL,NULL,0,"1,2,3,4,5","Strongly Agree,Agree,Disagree,Strongly Disagree,Don\'t Know",,Patent protection for our technology / discoveries will last for the foreseeable future,template.html,NULL,2010-05-18 12:52:00,NULL,2010-05-18 12:52:00
NULL,Q-802,v1.0,RG-001,R&G,Multi-choice,62,RM-001,4,NULL,NULL,0,"1,2,3,4,5","Strongly Agree,Agree,Disagree,Strongly Disagree,Don\'t Know",,We are fully prepared to deal with risks associated with data or system breaches,template.html,NULL,2010-05-18 12:52:00,NULL,2010-05-18 12:52:00
NULL,Q-803,v1.0,RG-001,R&G,Multi-choice,63,RM-001,4,NULL,NULL,0,"1,2,3,4,5","Strongly Agree,Agree,Disagree,Strongly Disagree,Don\'t Know",,We are confident that there will not be any changes in regulation that may threaten our business model or our core products.,template.html,NULL,2010-05-18 12:52:00,NULL,2010-05-18 12:52:00
NULL,Q-804,v1.0,RG-001,R&G,Multi-choice,63,RM-001,4,NULL,NULL,0,"1,2,3,4,5","Strongly Agree,Agree,Disagree,Strongly Disagree,Don\'t Know",,Financial reporting and compliance standards are followed meticulously across all parts of the business,template.html,NULL,2010-05-18 12:52:00,NULL,2010-05-18 12:52:00
NULL,Q-805,v1.0,RG-001,R&G,Multi-choice,63,RM-001,4,NULL,NULL,0,"1,2,3,4,5","Strongly Agree,Agree,Disagree,Strongly Disagree,Don\'t Know",,Financial reporting and compliance standards are followed meticulously across all parts of the business,template.html,NULL,2010-05-18 12:52:00,NULL,2010-05-18 12:52:00
NULL,Q-806,v1.0,RG-001,R&G,Multi-choice,63,RM-001,4,NULL,NULL,0,"1,2,3,4,5","Strongly Agree,Agree,Disagree,Strongly Disagree,Don\'t Know",,We comply fully with data storage and usage regulations,template.html,NULL,2010-05-18 12:52:00,NULL,2010-05-18 12:52:00
NULL,Q-807,v1.0,RG-001,R&G,Multi-choice,64,RM-001,4,NULL,NULL,0,"1,2,3,4,5","Strongly Agree,Agree,Disagree,Strongly Disagree,Don\'t Know",,We are confident that we have the skills and competences required to deliver our strategy,template.html,NULL,2010-05-18 12:52:00,NULL,2010-05-18 12:52:00
NULL,Q-808,v1.0,RG-001,R&G,Multi-choice,64,RM-001,4,NULL,NULL,0,"1,2,3,4,5","Strongly Agree,Agree,Disagree,Strongly Disagree,Don\'t Know",,"We are training, nurturing and preparing the next generation of people required to deliver our strategy",template.html,NULL,2010-05-18 12:52:00,NULL,2010-05-18 12:52:00
NULL,Q-809,v1.0,RG-001,R&G,Multi-choice,65,RM-001,4,NULL,NULL,0,"1,2,3,4,5","Strongly Agree,Agree,Disagree,Strongly Disagree,Don\'t Know",,We are confident that our basic revenue model is not under threat from disintermediation by potentially new competitors in the digital arena,template.html,NULL,2010-05-18 12:52:00,NULL,2010-05-18 12:52:00
NULL,Q-810,v1.0,RG-001,R&G,Multi-choice,65,RM-001,4,NULL,NULL,0,"1,2,3,4,5","Strongly Agree,Agree,Disagree,Strongly Disagree,Don\'t Know",,We are confident that there is no risk of manipulation of financial results for short term gains (eg artificial boosting of sales),template.html,NULL,2010-05-18 12:52:00,NULL,2010-05-18 12:52:00
NULL,Q-811,v1.0,RG-001,R&G,Multi-choice,65,RM-001,4,NULL,NULL,0,"1,2,3,4,5","Strongly Agree,Agree,Disagree,Strongly Disagree,Don\'t Know",,We are confident that there is no risk of manipulation of financial results for short term gains (eg artificial boosting of sales),template.html,NULL,2010-05-18 12:52:00,NULL,2010-05-18 12:52:00
NULL,Q-812,v1.0,RG-001,R&G,Multi-choice,65,RM-001,4,NULL,NULL,0,"1,2,3,4,5","Strongly Agree,Agree,Disagree,Strongly Disagree,Don\'t Know",,We are confident that cost assumptions that are central to our financial health are not under threat in the foreseeable future,template.html,NULL,2010-05-18 12:52:00,NULL,2010-05-18 12:52:00
NULL,Q-813,v1.0,RG-001,R&G,Multi-choice,65,RM-001,4,NULL,NULL,0,"1,2,3,4,5","Strongly Agree,Agree,Disagree,Strongly Disagree,Don\'t Know",,We are confident that there is no risk of Balance Sheet impairment by a loss or writing down of Brand Valuations,template.html,NULL,2010-05-18 12:52:00,NULL,2010-05-18 12:52:00
NULL,Q-814,v1.0,RG-001,R&G,Multi-choice,66,RM-001,4,NULL,NULL,0,"1,2,3,4,5","Strongly Agree,Agree,Disagree,Strongly Disagree,Don\'t Know",,We are confident that there are no impending risks of negative publicity regarding our products or processes that could affect the valuation of the business,template.html,NULL,2010-05-18 12:52:00,NULL,2010-05-18 12:52:00
NULL,Q-815,v1.0,RG-001,R&G,Multi-choice,66,RM-001,4,NULL,NULL,0,"1,2,3,4,5","Strongly Agree,Agree,Disagree,Strongly Disagree,Don\'t Know",,We are confident that there are no impending risks of negative publicity regarding our products or processes that could affect the valuation of the business,template.html,NULL,2010-05-18 12:52:00,NULL,2010-05-18 12:52:00
NULL,Q-816,v1.0,RG-001,R&G,Multi-choice,67,RM-001,4,NULL,NULL,0,"1,2,3,4,5","Strongly Agree,Agree,Disagree,Strongly Disagree,Don\'t Know",,Strategic Planning regularly includes detailed technology landscape analyses,template.html,NULL,2010-05-18 12:52:00,NULL,2010-05-18 12:52:00
NULL,Q-817,v1.0,RG-001,R&G,Multi-choice,67,RM-001,4,NULL,NULL,0,"1,2,3,4,5","Strongly Agree,Agree,Disagree,Strongly Disagree,Don\'t Know",,Processes exist to initiate fresh development work well ahead of impending patent expiry.,template.html,NULL,2010-05-18 12:52:00,NULL,2010-05-18 12:52:00
NULL,Q-818,v1.0,RG-001,R&G,Multi-choice,67,RM-001,4,NULL,NULL,0,"1,2,3,4,5","Strongly Agree,Agree,Disagree,Strongly Disagree,Don\'t Know",,Crisis management protocols and clear responsibilities exist to deal with data or system breakdowns or breaches.,template.html,NULL,2010-05-18 12:52:00,NULL,2010-05-18 12:52:00
NULL,Q-819,v1.0,RG-001,R&G,Multi-choice,68,RM-001,4,NULL,NULL,0,"1,2,3,4,5","Strongly Agree,Agree,Disagree,Strongly Disagree,Don\'t Know",,Expert assessments of the regulatory landscape are a regular part of the strategic planning process,template.html,NULL,2010-05-18 12:52:00,NULL,2010-05-18 12:52:00
NULL,Q-820,v1.0,RG-001,R&G,Multi-choice,68,RM-001,4,NULL,NULL,0,"1,2,3,4,5","Strongly Agree,Agree,Disagree,Strongly Disagree,Don\'t Know",,"Internal audit and compliance systems are in place, reporting directly to the CEO/Board.",template.html,NULL,2010-05-18 12:52:00,NULL,2010-05-18 12:52:00
NULL,Q-821,v1.0,RG-001,R&G,Multi-choice,68,RM-001,4,NULL,NULL,0,"1,2,3,4,5","Strongly Agree,Agree,Disagree,Strongly Disagree,Don\'t Know",,Financial policy and practice training systems are well established.,template.html,NULL,2010-05-18 12:52:00,NULL,2010-05-18 12:52:00
NULL,Q-822,v1.0,RG-001,R&G,Multi-choice,68,RM-001,4,NULL,NULL,0,"1,2,3,4,5","Strongly Agree,Agree,Disagree,Strongly Disagree,Don\'t Know",,Data compliance reports directly to the CIO/CEO with at least detailed annual reports to the Board,template.html,NULL,2010-05-18 12:52:00,NULL,2010-05-18 12:52:00
NULL,Q-823,v1.0,RG-001,R&G,Multi-choice,69,RM-001,4,NULL,NULL,0,"1,2,3,4,5","Strongly Agree,Agree,Disagree,Strongly Disagree,Don\'t Know",,Strategic plans reviewed by the Board include an assessment of capabilities,template.html,NULL,2010-05-18 12:52:00,NULL,2010-05-18 12:52:00
NULL,Q-824,v1.0,RG-001,R&G,Multi-choice,69,RM-001,4,NULL,NULL,0,"1,2,3,4,5","Strongly Agree,Agree,Disagree,Strongly Disagree,Don\'t Know",,"Employee appraisal plans have been put in place, and are supported by effective training and development programmes",template.html,NULL,2010-05-18 12:52:00,NULL,2010-05-18 12:52:00
NULL,Q-825,v1.0,RG-001,R&G,Multi-choice,70,RM-001,4,NULL,NULL,0,"1,2,3,4,5","Strongly Agree,Agree,Disagree,Strongly Disagree,Don\'t Know",,Strategic planning process regularly includes a review of potential threats of disintermediation.,template.html,NULL,2010-05-18 12:52:00,NULL,2010-05-18 12:52:00
NULL,Q-826,v1.0,RG-001,R&G,Multi-choice,70,RM-001,4,NULL,NULL,0,"1,2,3,4,5","Strongly Agree,Agree,Disagree,Strongly Disagree,Don\'t Know",,Internal audit protocols to periodically check for malpractice are well rooted,template.html,NULL,2010-05-18 12:52:00,NULL,2010-05-18 12:52:00
NULL,Q-827,v1.0,RG-001,R&G,Multi-choice,70,RM-001,4,NULL,NULL,0,"1,2,3,4,5","Strongly Agree,Agree,Disagree,Strongly Disagree,Don\'t Know",,"When financial malpractice is found, exemplary disciplinary action is guaranteed by the systems in place.",template.html,NULL,2010-05-18 12:52:00,NULL,2010-05-18 12:52:00
NULL,Q-828,v1.0,RG-001,R&G,Multi-choice,70,RM-001,4,NULL,NULL,0,"1,2,3,4,5","Strongly Agree,Agree,Disagree,Strongly Disagree,Don\'t Know",,"Procurement audits include strategic analyses of single source supply, especially where it affects 15% or more of the revenue base. ",template.html,NULL,2010-05-18 12:52:00,NULL,2010-05-18 12:52:00
NULL,Q-829,v1.0,RG-001,R&G,Multi-choice,70,RM-001,4,NULL,NULL,0,"1,2,3,4,5","Strongly Agree,Agree,Disagree,Strongly Disagree,Don\'t Know",,"Especially for companies where Brand/Intangibles valuation is the major component of overall Company valuation, there are formal annual reviews of Brand Valuations, followed by corrective action, if required.",template.html,NULL,2010-05-18 12:52:00,NULL,2010-05-18 12:52:00
NULL,Q-830,v1.0,RG-001,R&G,Multi-choice,71,RM-001,4,NULL,NULL,0,"1,2,3,4,5","Strongly Agree,Agree,Disagree,Strongly Disagree,Don\'t Know",,"Processes that guarantee maintenance of quality and standards are in place, with specific accountabilities",template.html,NULL,2010-05-18 12:52:00,NULL,2010-05-18 12:52:00
NULL,Q-831,v1.0,RG-001,R&G,Multi-choice,71,RM-001,4,NULL,NULL,0,"1,2,3,4,5","Strongly Agree,Agree,Disagree,Strongly Disagree,Don\'t Know",,Crisis management protocols and regular training are in place to deal with any unexpected crisis.,template.html,NULL,2010-05-18 12:52:00,NULL,2010-05-18 12:52:00
